CH	Status	link	Curso	Organização	jpg
8	Salvo	https://hermes.dio.me/certificates/MVBTKDNM.pdf	Sintaxe Básica com Python	DIO - Digital Innovation One
1	Salvo	https://hermes.dio.me/certificates/WQNKM5KR.pdf	Introdução a Engenharia de Dados com Python	DIO - Digital Innovation One - NTT DATA
1	Salvo	https://hermes.dio.me/certificates/XFM4TUGY.pdf	Ambiente de Desenvolvimento e Primeiros Passos com Python	DIO - Digital Innovation One - NTT DATA
2	Salvo	https://hermes.dio.me/certificates/MVCNF1FE.pdf	Conhecendo a Linguagem de Programação Python	DIO - Digital Innovation One - NTT DATA
2	[erro]	https://hermes.dio.me/certificates/9QJCHBJU.pdf	Versionamento de Código com Git e GithHub	DIO - Digital Innovation One - NTT DATA	https://hermes.dio.me/certificates/cover/9QJCHBJU.jpg
1	Salvo	https://hermes.dio.me/certificates/PX0EMCI0.pdf	Desafios de Projetos: Crie Um Portfólio Vencedor	DIO - Digital Innovation One - NTT DATA
1	Salvo	https://hermes.dio.me/certificates/QN9RJ71X.pdf	Contribuindo em um Projeto Open Source no GitHub	DIO - Digital Innovation One - NTT DATA	
2	Salvo	https://hermes.dio.me/certificates/CWOD4CUR.pdf	Tipos de Operadores com Python	DIO - Digital Innovation One - NTT DATA
2	Salvo	https://hermes.dio.me/certificates/IBGEYXU1.pdf	Estruturas Condicionais e de Repetição em Python	DIO - Digital Innovation One - NTT DATA	https://hermes.dio.me/certificates/cover/IBGEYXU1.jpg
2	Salvo	https://hermes.dio.me/certificates/VICLQYVN.pdf	Manipulando Strings com Python	DIO - Digital Innovation One - NTT DATA	https://hermes.dio.me/certificates/cover/VICLQYVN.jpg
1	Salvo	https://hermes.dio.me/certificates/KJO8XHSR.pdf	Dominando Funções Python	DIO - Digital Innovation One - NTT DATA	https://hermes.dio.me/certificates/cover/KJO8XHSR.jpg
1	Salvo	https://hermes.dio.me/certificates/J5F17LZU.pdf	Criando um Sistema Bancário com Python	DIO - Digital Innovation One - NTT DATA
1	Salvo	https://hermes.dio.me/certificates/JKVXIGZV.pdf	Trabalhando com Listas em Python	DIO - Digital Innovation One - NTT DATA
1	Salvo	https://hermes.dio.me/certificates/ULAQ57PN.pdf	Explorando Conjuntos em Python	DIO - Digital Innovation One - NTT DATA
1	[erro]	https://hermes.dio.me/certificates/LXTM3AAJ.pdf	Aprendendo a Utilizar Dicionários em Python	DIO - Digital Innovation One - NTT DATA	https://hermes.dio.me/certificates/cover/LXTM3AAJ.jpg
1	Salvo	https://hermes.dio.me/certificates/MN2UGVBV.pdf	Conhecendo Tuplas em Python	DIO - Digital Innovation One
Obrigado!
Sua referência é DIOB2C-54921. Confira e_damas@hotmail.com para uma confirmação e atualizações.

https://digitalinnovationone.atlassian.net/servicedesk/customer/user/requests?page=1&reporter=all&statuses=open